corriente, voltaje
0.005019, 0.69844
0.010038, 0.6125
0.015, 0.58281
0.019962, 0.5375
0.0258365, 0.47344
0.030057, 0.36563
0.0317681, 0.31094
0.0319962, 0.2625
0.0330228, 0.2
0.0337072, 0.11094
